<theme>
    <formatVersion>3</formatVersion>
    <include>./../carbon.xml</include>

	<view name="system">

		<image name="ControllerOverlay" extra="true">
			<tile>false</tile>
			<pos>0.5 0.2</pos>
			<origin>0.5 0.5</origin>
			<size>0.3 0</size>
			<path>./art/controller.svg</path>
			<!--<color>8b0000</color>-->
		</image>
		
		<image name="logo">
			<path>./art/system.svg</path>
        </image>
		
	</view>

	<view name="basic, detailed, video">

		<image name="logo">
			<path>./art/system.svg</path>
			<pos>0.266 0.074</pos>
			<maxSize>0.460 0.126</maxSize>
			<origin>0.5 0.5</origin>
		</image>
		
		<image name="logo2" extra="true">
			<path>./art/controller.svg</path>
			<pos>0.874 0.074</pos>
			<maxSize>0.460 0.126</maxSize>
			<origin>0.5 0.5</origin>
			<color>00c5ff</color>
		</image>
		
	</view>

	<view name="basic">		
	</view>

	<view name="detailed">
	</view>
	
</theme>

