<theme>
    <formatVersion>3</formatVersion>
    <include>./../carbon.xml</include>

	<view name="system">

		<image name="ControllerOverlay" extra="true">
			<tile>false</tile>
			<pos>0.5 0.2</pos>
			<origin>0.5 0.5</origin>
			<size>0.3 0</size>
			<path>./art/controller.svg</path>
			<!--<color>8b0000</color>-->
		</image>

		<image name="logo">
			<path>./art/system.svg</path>
        </image>

	</view>

	<view name="basic, detailed, video">

		<image name="logo">
			<path>./art/system.svg</path>
			<pos>0.266 0.074</pos>
			<maxSize>0.460 0.126</maxSize>
			<origin>0.5 0.5</origin>
		</image>
		
		<image name="logo2" extra="true">
			<path>./art/controller.svg</path>
			<pos>0.874 0.074</pos>
			<maxSize>0.460 0.126</maxSize>
			<origin>0.5 0.5</origin>
			<color>bbbbbb</color>
		</image>

	</view>

	<view name="basic">
	</view>

	<view name="detailed">

		<image name="md_image">
			<pos>0.746 0.40</pos>
			<maxSize>0.3 0.3</maxSize>
			<origin>0.5 0.5</origin>
		</image>

		<datetime name="md_releasedate">
			<pos>1 1</pos>
		</datetime>

		<text name="md_lbl_releasedate, md_lbl_genre, md_genre, md_lbl_developer, md_developer, md_lbl_players, md_players">
			<pos>1 1</pos>
		</text>

		<text name="md_description">
			<fontSize>0.03</fontSize>
			<size>0.404 0.3</size>
			<pos>0.543 0.60</pos>
		</text>
	</view>

</theme>
